timeStamp,elapsed,label,responseCode,responseMessage,threadName,dataType,success,failureMessage,bytes,sentBytes,grpThreads,allThreads,URL,Latency,IdleTime,Connect
1706191688444,3626,getUserSpecificPermissions,200,OK,25 users-parallel 1-23,text,true,,848,3069,25,25,https://apis.dna-staging.hashedin.com/pulse/gql/,3626,0,2104
1706191688442,3628,getUserSpecificPermissions,200,OK,25 users-parallel 1-22,text,true,,848,3069,25,25,https://apis.dna-staging.hashedin.com/pulse/gql/,3628,0,2105
1706191688441,3926,getUserSpecificPermissions,200,OK,25 users-parallel 1-21,text,true,,848,3069,25,25,https://apis.dna-staging.hashedin.com/pulse/gql/,3926,0,2862
1706191688447,4227,getUserSpecificPermissions,200,OK,25 users-parallel 1-25,text,true,,848,3069,25,25,https://apis.dna-staging.hashedin.com/pulse/gql/,4227,0,3125
1706191688432,4348,getUserSpecificPermissions,200,OK,25 users-parallel 1-15,text,true,,848,3069,25,25,https://apis.dna-staging.hashedin.com/pulse/gql/,4348,0,3155
1706191688436,4392,getUserSpecificPermissions,200,OK,25 users-parallel 1-17,text,true,,848,3069,25,25,https://apis.dna-staging.hashedin.com/pulse/gql/,4392,0,3139
1706191692072,763,getUserOrganisationList,200,OK,25 users-parallel 1-22,text,true,,2791,3265,25,25,https://apis.dna-staging.hashedin.com/org_directory/gql/,763,0,0
1706191688434,4418,getUserSpecificPermissions,200,OK,25 users-parallel 1-16,text,true,,848,3069,25,25,https://apis.dna-staging.hashedin.com/pulse/gql/,4417,0,3124
1706191688439,4419,getUserSpecificPermissions,200,OK,25 users-parallel 1-20,text,true,,848,3069,25,25,https://apis.dna-staging.hashedin.com/pulse/gql/,4419,0,3150
1706191688438,4428,getUserSpecificPermissions,200,OK,25 users-parallel 1-19,text,true,,848,3069,25,25,https://apis.dna-staging.hashedin.com/pulse/gql/,4428,0,3153
1706191692072,834,getUserOrganisationList,200,OK,25 users-parallel 1-23,text,true,,2795,3265,25,25,https://apis.dna-staging.hashedin.com/org_directory/gql/,834,0,0
1706191688411,4694,getUserSpecificPermissions,200,OK,25 users-parallel 1-1,text,true,,848,3069,25,25,https://apis.dna-staging.hashedin.com/pulse/gql/,4694,0,3157
1706191688422,4683,getUserSpecificPermissions,200,OK,25 users-parallel 1-6,text,true,,848,3069,25,25,https://apis.dna-staging.hashedin.com/pulse/gql/,4683,0,3425
1706191688431,4704,getUserSpecificPermissions,200,OK,25 users-parallel 1-14,text,true,,848,3069,25,25,https://apis.dna-staging.hashedin.com/pulse/gql/,4703,0,3394
1706191688431,4712,getUserSpecificPermissions,200,OK,25 users-parallel 1-10,text,true,,848,3069,25,25,https://apis.dna-staging.hashedin.com/pulse/gql/,4712,0,3391
1706191688415,4729,getUserSpecificPermissions,200,OK,25 users-parallel 1-3,text,true,,848,3069,25,25,https://apis.dna-staging.hashedin.com/pulse/gql/,4729,0,3426
1706191688414,4764,getUserSpecificPermissions,200,OK,25 users-parallel 1-4,text,true,,848,3069,25,25,https://apis.dna-staging.hashedin.com/pulse/gql/,4763,0,3500
1706191688431,4777,getUserSpecificPermissions,200,OK,25 users-parallel 1-9,text,true,,848,3069,25,25,https://apis.dna-staging.hashedin.com/pulse/gql/,4777,0,3149
1706191688417,4801,getUserSpecificPermissions,200,OK,25 users-parallel 1-5,text,true,,848,3069,25,25,https://apis.dna-staging.hashedin.com/pulse/gql/,4801,0,3459
1706191688437,4800,getUserSpecificPermissions,200,OK,25 users-parallel 1-18,text,true,,848,3069,25,25,https://apis.dna-staging.hashedin.com/pulse/gql/,4800,0,3156
1706191688428,4821,getUserSpecificPermissions,200,OK,25 users-parallel 1-13,text,true,,848,3069,25,25,https://apis.dna-staging.hashedin.com/pulse/gql/,4821,0,3402
1706191688445,4879,getUserSpecificPermissions,200,OK,25 users-parallel 1-24,text,true,,848,3069,25,25,https://apis.dna-staging.hashedin.com/pulse/gql/,4879,0,3522
1706191688427,4907,getUserSpecificPermissions,200,OK,25 users-parallel 1-8,text,true,,848,3069,25,25,https://apis.dna-staging.hashedin.com/pulse/gql/,4907,0,3495
1706191688428,4907,getUserSpecificPermissions,200,OK,25 users-parallel 1-7,text,true,,848,3069,25,25,https://apis.dna-staging.hashedin.com/pulse/gql/,4906,0,3638
1706191688411,4961,getUserSpecificPermissions,200,OK,25 users-parallel 1-2,text,true,,848,3069,25,25,https://apis.dna-staging.hashedin.com/pulse/gql/,4961,0,3674
1706191692367,1060,getUserOrganisationList,200,OK,25 users-parallel 1-21,text,true,,2791,3265,25,25,https://apis.dna-staging.hashedin.com/org_directory/gql/,1059,0,0
1706191692780,735,getUserOrganisationList,200,OK,25 users-parallel 1-15,text,true,,2781,3265,25,25,https://apis.dna-staging.hashedin.com/org_directory/gql/,735,0,0
1706191692674,859,getUserOrganisationList,200,OK,25 users-parallel 1-25,text,true,,2795,3265,25,25,https://apis.dna-staging.hashedin.com/org_directory/gql/,859,0,0
1706191688427,5107,getUserSpecificPermissions,200,OK,25 users-parallel 1-12,text,true,,848,3069,25,25,https://apis.dna-staging.hashedin.com/pulse/gql/,5107,0,3653
1706191692828,1026,getUserOrganisationList,200,OK,25 users-parallel 1-17,text,true,,2785,3265,25,25,https://apis.dna-staging.hashedin.com/org_directory/gql/,1025,0,0
1706191692851,1004,getUserOrganisationList,200,OK,25 users-parallel 1-16,text,true,,2791,3265,25,25,https://apis.dna-staging.hashedin.com/org_directory/gql/,1004,0,0
1706191692858,998,getUserOrganisationList,200,OK,25 users-parallel 1-20,text,true,,2789,3265,25,25,https://apis.dna-staging.hashedin.com/org_directory/gql/,998,0,0
1706191692866,992,getUserOrganisationList,200,OK,25 users-parallel 1-19,text,true,,2795,3265,25,25,https://apis.dna-staging.hashedin.com/org_directory/gql/,992,0,0
1706191693105,758,getUserOrganisationList,200,OK,25 users-parallel 1-1,text,true,,2795,3265,25,25,https://apis.dna-staging.hashedin.com/org_directory/gql/,758,0,0
1706191693143,1081,getUserOrganisationList,200,OK,25 users-parallel 1-10,text,true,,2789,3265,25,25,https://apis.dna-staging.hashedin.com/org_directory/gql/,1081,0,0
1706191693134,1091,getUserOrganisationList,200,OK,25 users-parallel 1-14,text,true,,2785,3265,25,25,https://apis.dna-staging.hashedin.com/org_directory/gql/,1091,0,0
1706191693144,1082,getUserOrganisationList,200,OK,25 users-parallel 1-3,text,true,,2795,3265,25,25,https://apis.dna-staging.hashedin.com/org_directory/gql/,1082,0,0
1706191693105,1123,getUserOrganisationList,200,OK,25 users-parallel 1-6,text,true,,2791,3265,25,25,https://apis.dna-staging.hashedin.com/org_directory/gql/,1123,0,0
1706191692836,1394,CAM Specific getUserSpecificPermissions,200,OK,25 users-parallel 1-22,text,true,,1025,3277,25,25,https://apis.dna-staging.hashedin.com/cam/gql/,1394,0,0
1706191693177,1053,getUserOrganisationList,200,OK,25 users-parallel 1-4,text,true,,2781,3265,25,25,https://apis.dna-staging.hashedin.com/org_directory/gql/,1053,0,0
1706191692907,1324,CAM Specific getUserSpecificPermissions,200,OK,25 users-parallel 1-23,text,true,,1025,3277,25,25,https://apis.dna-staging.hashedin.com/cam/gql/,1324,0,0
1706191693218,1014,getUserOrganisationList,200,OK,25 users-parallel 1-5,text,true,,2795,3265,25,25,https://apis.dna-staging.hashedin.com/org_directory/gql/,1014,0,0
1706191693237,1002,getUserOrganisationList,200,OK,25 users-parallel 1-18,text,true,,2789,3265,23,23,https://apis.dna-staging.hashedin.com/org_directory/gql/,1002,0,0
1706191693249,992,getUserOrganisationList,200,OK,25 users-parallel 1-13,text,true,,2785,3265,23,23,https://apis.dna-staging.hashedin.com/org_directory/gql/,991,0,0
1706191693334,908,getUserOrganisationList,200,OK,25 users-parallel 1-7,text,true,,2795,3265,23,23,https://apis.dna-staging.hashedin.com/org_directory/gql/,908,0,0
1706191693372,871,getUserOrganisationList,200,OK,25 users-parallel 1-2,text,true,,2791,3265,23,23,https://apis.dna-staging.hashedin.com/org_directory/gql/,871,0,0
1706191693334,911,getUserOrganisationList,200,OK,25 users-parallel 1-8,text,true,,2781,3265,23,23,https://apis.dna-staging.hashedin.com/org_directory/gql/,911,0,0
1706191693534,714,getUserOrganisationList,200,OK,25 users-parallel 1-12,text,true,,2781,3265,23,23,https://apis.dna-staging.hashedin.com/org_directory/gql/,714,0,0
1706191693208,1130,getUserOrganisationList,200,OK,25 users-parallel 1-9,text,true,,2797,3265,23,23,https://apis.dna-staging.hashedin.com/org_directory/gql/,1130,0,0
1706191693427,933,CAM Specific getUserSpecificPermissions,200,OK,25 users-parallel 1-21,text,true,,1025,3277,23,23,https://apis.dna-staging.hashedin.com/cam/gql/,933,0,0
1706191693516,1056,CAM Specific getUserSpecificPermissions,200,OK,25 users-parallel 1-15,text,true,,1025,3277,22,22,https://apis.dna-staging.hashedin.com/cam/gql/,1056,0,0
1706191693534,1038,CAM Specific getUserSpecificPermissions,200,OK,25 users-parallel 1-25,text,true,,1025,3277,22,22,https://apis.dna-staging.hashedin.com/cam/gql/,1038,0,0
1706191693859,1219,CAM Specific getUserSpecificPermissions,200,OK,25 users-parallel 1-19,text,true,,1025,3277,20,20,https://apis.dna-staging.hashedin.com/cam/gql/,1219,0,0
1706191693855,1249,CAM Specific getUserSpecificPermissions,200,OK,25 users-parallel 1-16,text,true,,1025,3277,19,19,https://apis.dna-staging.hashedin.com/cam/gql/,1249,0,0
1706191693855,1344,CAM Specific getUserSpecificPermissions,200,OK,25 users-parallel 1-17,text,true,,1025,3277,18,18,https://apis.dna-staging.hashedin.com/cam/gql/,1344,0,0
1706191693857,1366,CAM Specific getUserSpecificPermissions,200,OK,25 users-parallel 1-20,text,true,,1025,3277,17,17,https://apis.dna-staging.hashedin.com/cam/gql/,1366,0,0
1706191693863,1360,CAM Specific getUserSpecificPermissions,200,OK,25 users-parallel 1-1,text,true,,1025,3277,17,17,https://apis.dna-staging.hashedin.com/cam/gql/,1360,0,0
1706191694227,1518,CAM Specific getUserSpecificPermissions,200,OK,25 users-parallel 1-3,text,true,,1025,3277,15,15,https://apis.dna-staging.hashedin.com/cam/gql/,1518,0,0
1706191694225,1520,CAM Specific getUserSpecificPermissions,200,OK,25 users-parallel 1-14,text,true,,1025,3277,15,15,https://apis.dna-staging.hashedin.com/cam/gql/,1520,0,0
1706191694241,1507,CAM Specific getUserSpecificPermissions,200,OK,25 users-parallel 1-13,text,true,,1025,3277,15,15,https://apis.dna-staging.hashedin.com/cam/gql/,1507,0,0
1706191694225,1539,CAM Specific getUserSpecificPermissions,200,OK,25 users-parallel 1-10,text,true,,1025,3277,12,12,https://apis.dna-staging.hashedin.com/cam/gql/,1539,0,0
1706191694233,1537,CAM Specific getUserSpecificPermissions,200,OK,25 users-parallel 1-5,text,true,,1025,3277,11,11,https://apis.dna-staging.hashedin.com/cam/gql/,1537,0,0
1706191694240,1530,CAM Specific getUserSpecificPermissions,200,OK,25 users-parallel 1-18,text,true,,1025,3277,11,11,https://apis.dna-staging.hashedin.com/cam/gql/,1530,0,0
1706191694339,1549,CAM Specific getUserSpecificPermissions,200,OK,25 users-parallel 1-9,text,true,,1025,3277,9,9,https://apis.dna-staging.hashedin.com/cam/gql/,1549,0,0
1706191694231,1657,CAM Specific getUserSpecificPermissions,200,OK,25 users-parallel 1-4,text,true,,1025,3277,9,9,https://apis.dna-staging.hashedin.com/cam/gql/,1657,0,0
1706191694228,1660,CAM Specific getUserSpecificPermissions,200,OK,25 users-parallel 1-6,text,true,,1025,3277,9,9,https://apis.dna-staging.hashedin.com/cam/gql/,1660,0,0
1706191694244,1645,CAM Specific getUserSpecificPermissions,200,OK,25 users-parallel 1-2,text,true,,1025,3277,9,9,https://apis.dna-staging.hashedin.com/cam/gql/,1645,0,0
1706191694249,1645,CAM Specific getUserSpecificPermissions,200,OK,25 users-parallel 1-12,text,true,,1025,3277,6,6,https://apis.dna-staging.hashedin.com/cam/gql/,1645,0,0
1706191694242,1652,CAM Specific getUserSpecificPermissions,200,OK,25 users-parallel 1-7,text,true,,1025,3277,6,6,https://apis.dna-staging.hashedin.com/cam/gql/,1652,0,0
1706191694246,1651,CAM Specific getUserSpecificPermissions,200,OK,25 users-parallel 1-8,text,true,,1025,3277,4,4,https://apis.dna-staging.hashedin.com/cam/gql/,1651,0,0
1706191688427,7596,getUserSpecificPermissions,200,OK,25 users-parallel 1-11,text,true,,848,3069,2,2,https://apis.dna-staging.hashedin.com/pulse/gql/,7596,0,3654
1706191693324,3412,getUserOrganisationList,200,OK,25 users-parallel 1-24,text,true,,2803,3265,2,2,https://apis.dna-staging.hashedin.com/org_directory/gql/,3412,0,0
1706191696023,801,getUserOrganisationList,200,OK,25 users-parallel 1-11,text,true,,2797,3265,2,2,https://apis.dna-staging.hashedin.com/org_directory/gql/,801,0,0
1706191696737,1112,CAM Specific getUserSpecificPermissions,200,OK,25 users-parallel 1-24,text,true,,1025,3277,2,2,https://apis.dna-staging.hashedin.com/cam/gql/,1112,0,0
1706191696825,1030,CAM Specific getUserSpecificPermissions,200,OK,25 users-parallel 1-11,text,true,,1025,3277,1,1,https://apis.dna-staging.hashedin.com/cam/gql/,1030,0,0
